km,electricity,food,travel_emission,electricity_emission,food_emission,total_emission,credits
3.0,6.0,veg,0.6000000000000001,4.800000000000001,1,6.4,6.8
7.0,10.0,non veg,1.4,8.0,3,12.4,3.8
0.0,0.0,veg,0.0,0.0,1,1.0,9.5
0.0,0.0,veg,0.0,0.0,1,1.0,9.5
0.0,0.0,veg,0.0,0.0,1,1.0,9.5
16.0,5.0,veg,3.2,4.0,1,8.2,5.9
90.0,5.0,non veg,18.0,4.0,3,25.0,1.5
67.0,26.0,veg,13.4,20.8,1,35.2,4.5600000000000005
5.0,10.0,veg,1.0,8.0,1,10.0,5.0
